{"epoch":0,"step":21,"_timestamp":1.7443656752437122e+09,"_wandb":{"runtime":45},"_runtime":45.200680325,"_step":21,"batch_loss":4.029815196990967}