{"sample_graph": {"_type": "image-file", "sha256": "6338f308d139bf61c389e597f2988cfd10daf081826d5b2647e38e51597c509b", "size": 9305, "path": "media/images/sample_graph_0_6338f308d139bf61c389.png", "format": "png", "width": 1000, "height": 1000}, "_timestamp": 1745851198.6536934, "_runtime": 33.55291748046875, "_step": 7, "batch": 0, "batch/total_loss": 0.6686318516731262, "batch/recon_loss": 0.6686294674873352, "batch/recon_x_loss": 0.000499181798659265, "batch/recon_adj_loss": 0.6681302785873413, "batch/vq_loss": 1.1645026461337693e-05, "batch/commit_loss": 1.1645026461337693e-05, "codebook/hop_0_utilization": {"_type": "histogram", "values": [137, 16, 16, 19, 12, 9, 15, 11, 125, 12, 12, 13, 8, 19, 80, 8, 15, 10, 54, 65, 13, 10, 18, 16, 11, 14, 15, 12, 9, 101, 14, 10, 16, 9, 15, 12, 14, 10, 7, 132, 15, 9, 12, 11, 11, 6, 13, 8, 8, 9, 10, 90, 9, 9, 168, 12, 8, 14, 11, 10, 12, 16, 8, 7], "bins": [0.0, 3.984375, 7.96875, 11.953125, 15.9375, 19.921875, 23.90625, 27.890625, 31.875, 35.859375, 39.84375, 43.828125, 47.8125, 51.796875, 55.78125, 59.765625, 63.75, 67.734375, 71.71875, 75.703125, 79.6875, 83.671875, 87.65625, 91.640625, 95.625, 99.609375, 103.59375, 107.578125, 111.5625, 115.546875, 119.53125, 123.515625, 127.5, 131.484375, 135.46875, 139.453125, 143.4375, 147.421875, 151.40625, 155.390625, 159.375, 163.359375, 167.34375, 171.328125, 175.3125, 179.296875, 183.28125, 187.265625, 191.25, 195.234375, 199.21875, 203.203125, 207.1875, 211.171875, 215.15625, 219.140625, 223.125, 227.109375, 231.09375, 235.078125, 239.0625, 243.046875, 247.03125, 251.015625, 255.0]}, "codebook/hop_1_utilization": {"_type": "histogram", "values": [126, 106, 148, 8, 15, 7, 10, 194, 3, 9, 4, 301, 10, 5, 8, 21, 5, 5, 7, 9, 4, 5, 6, 86, 5, 4, 4, 4, 100, 7, 5, 17, 10, 12, 11, 5, 8, 82, 10, 6, 58, 12, 10, 8, 8, 2, 5, 7, 8, 8, 6, 7, 6, 5, 10, 9, 5, 6, 4, 2, 5, 8, 7, 2], "bins": [0.0, 1.984375, 3.96875, 5.953125, 7.9375, 9.921875, 11.90625, 13.890625, 15.875, 17.859375, 19.84375, 21.828125, 23.8125, 25.796875, 27.78125, 29.765625, 31.75, 33.734375, 35.71875, 37.703125, 39.6875, 41.671875, 43.65625, 45.640625, 47.625, 49.609375, 51.59375, 53.578125, 55.5625, 57.546875, 59.53125, 61.515625, 63.5, 65.484375, 67.46875, 69.453125, 71.4375, 73.421875, 75.40625, 77.390625, 79.375, 81.359375, 83.34375, 85.328125, 87.3125, 89.296875, 91.28125, 93.265625, 95.25, 97.234375, 99.21875, 101.203125, 103.1875, 105.171875, 107.15625, 109.140625, 111.125, 113.109375, 115.09375, 117.078125, 119.0625, 121.046875, 123.03125, 125.015625, 127.0]}, "codebook/hop_2_utilization": {"_type": "histogram", "values": [192, 27, 4, 2, 6, 157, 5, 3, 2, 7, 54, 3, 2, 17, 2, 130, 8, 2, 2, 143, 3, 150, 3, 1, 4, 4, 3, 2, 39, 1, 3, 2, 5, 138, 1, 105, 3, 112, 2, 2, 5, 5, 2, 1, 2, 5, 7, 2, 1, 2, 11, 12, 8, 3, 97, 3, 4, 54, 3, 2, 2, 6, 10, 2], "bins": [0.0, 0.984375, 1.96875, 2.953125, 3.9375, 4.921875, 5.90625, 6.890625, 7.875, 8.859375, 9.84375, 10.828125, 11.8125, 12.796875, 13.78125, 14.765625, 15.75, 16.734375, 17.71875, 18.703125, 19.6875, 20.671875, 21.65625, 22.640625, 23.625, 24.609375, 25.59375, 26.578125, 27.5625, 28.546875, 29.53125, 30.515625, 31.5, 32.484375, 33.46875, 34.453125, 35.4375, 36.421875, 37.40625, 38.390625, 39.375, 40.359375, 41.34375, 42.328125, 43.3125, 44.296875, 45.28125, 46.265625, 47.25, 48.234375, 49.21875, 50.203125, 51.1875, 52.171875, 53.15625, 54.140625, 55.125, 56.109375, 57.09375, 58.078125, 59.0625, 60.046875, 61.03125, 62.015625, 63.0]}, "codebook/hop_0_pca": {"_type": "image-file", "sha256": "5fb086c6661ce0540aa53dac750f3d333346dc932340d5c12554ee110c693a79", "size": 40443, "path": "media/images/codebook/hop_0_pca_5_5fb086c6661ce0540aa5.png", "format": "png", "width": 800, "height": 800}, "codebook/hop_1_pca": {"_type": "image-file", "sha256": "6e4ca6914ec12252734e5d040da360f67d2bb47e46f196bf25201620ec3dfe2f", "size": 36965, "path": "media/images/codebook/hop_1_pca_6_6e4ca6914ec12252734e.png", "format": "png", "width": 800, "height": 800}, "codebook/hop_2_pca": {"_type": "image-file", "sha256": "3b324bb882be60714b252745aff25f3594bc115a59d2a48f158047c6b1b8da95", "size": 29204, "path": "media/images/codebook/hop_2_pca_7_3b324bb882be60714b25.png", "format": "png", "width": 800, "height": 800}, "_wandb": {"runtime": 139}}