{"_timestamp":1.7443663506137378e+09,"_step":858,"best_loss":0.5769380125929328,"step":849,"_wandb":{"runtime":691},"_runtime":657.704583027,"epoch_avg_loss":0.5769380125929328,"learning_rate":5e-05,"batch_loss":0.42193061113357544,"epoch":4}